,ThereminGoat's Master Score Sheet,,,,,8/25/2024,,"Total
Scored",309,"Total
Collected",3124,,,,,,,,,,,,
,,,,,,,,,,,,,,,,,,,,,,,
,,,,,,,,,,,,,,,,,,,,,,,
 - TOTAL RANKINGS -,,,,,,,,,,,,,,- MANUFACTURER STATISTICS -,,,,,,,,,
Rank,Switch Name,Date,Manufacturer,Type,Push Feel,Wobble,Sound,Context,Other,"Timeless
Total","Time Wtd. 
Total",,,Rank,Manufacturer Name,Switches Tested,Push Feel,Wobble,Sound,Context,Other,"Timeless
Total","Avg Time 
Wtd. Total"
1,Gateron G Pro 3.0 Yellow,8/6/2023,Gateron,Linear,31,21,7,18,9,86,85.0,,,1,LICHICX,5,28.4,19.6,7.2,13.2,6.6,75.0,74.3
2,U4T (62g),3/26/2023,Outemu,Tactile,32,23,8,15,8,86,84.6,,,2,Momoka,2,28.5,18.5,6.0,16.0,7.5,76.5,73.8
3,Alpaca V2,12/6/2020,Durock/JWK,Linear,32,22,9,16,8,87,83.3,,,3,Aflion,8,27.9,19.6,6.4,14.4,6.1,74.4,72.6
4,TTC Neptune,4/23/2023,TTC,Linear,31,23,8,15,7,84,82.7,,,4,Outemu,10,27.0,20.1,6.2,13.0,6.2,72.5,71.0
5,Gateron Melodic,2/4/2024,Gateron,Clicky,31,19,9,15,9,83,82.5,,,5,Haimu,11,27.6,17.5,6.1,13.4,6.4,70.9,69.6
6,LICHICX Lucy,10/21/2023,LICHICX,Silent Linear,33,18,9,15,8,83,82.2,,,6,KTT,22,27.1,17.4,5.9,14.0,6.0,70.4,68.2
7,Gazzew U4 Boba 68g (Sample),8/1/2021,Outemu,Silent Tactile,28,24,9,15,9,85,82.0,,,7,SP Star,6,27.7,16.7,6.5,13.2,6.3,70.3,67.8
8,Huano Caramel Latte,6/23/2024,Huano,Linear,31,20,9,14,8,82,81.9,,,8,Jerrzi,3,26.7,18.3,5.7,11.3,6.3,68.3,67.7
9,Everglide V3 'Water King' (60g),2/28/2020,Durock/JWK,Linear,32,24,7,15,8,86,81.6,,,9,Gateron,51,27.3,17.3,5.8,13.1,6.1,69.6,67.4
9,Ball Bearing Blue,3/24/2024,Unknown,Linear,31,25,8,9,9,82,81.6,,,10,Cherry,10,25.7,16.9,5.3,14.3,6.5,68.7,67.2
11,Invokeys Black Sesame,10/2/2022,Aflion,Linear,32,20,7,17,7,83,81.2,,,11,BSUN,10,27.6,17.3,5.5,12.5,4.8,67.7,66.7
12,Gateron Speed Silver Pro,5/28/2021,Gateron,Linear,31,21,9,15,8,84,80.8,,,12,Huano,13,26.5,17.0,5.8,12.5,6.2,67.9,66.0
13,Raptor MX Extreme,5/12/2024,Unknown,Linear,30,23,7,15,5,80,79.8,,,14,Kailh,37,26.5,16.6,5.8,12.9,6.3,68.0,65.9
14,TTC OG Rabbit,4/23/2023,TTC,Silent Linear,31,23,8,11,8,81,79.7,,,13,Tecsee,26,26.9,16.5,6.0,12.6,6.3,68.3,65.9
15,Bobagum (62g),1/16/2022,Outemu,Silent Linear,28,23,8,15,8,82,79.4,,,15,Durock/JWK,52,26.7,17.2,5.3,12.3,6.1,67.6,65.1
16,Cherry MX 'New Nixie' (Black Clear-Top),12/4/2022,Cherry,Linear,27,20,6,18,10,81,79.3,,,16,TTC,13,24.5,17.0,5.2,11.7,5.9,64.2,62.5
17,Chosfox Summer Lime,10/8/2023,Unknown,Silent Linear,30,23,7,14,6,80,79.2,,,17,SOAI,6,25.2,18.5,3.8,10.0,5.0,62.5,61.8
18,Zeal Clickiez 75g. (Clicky),7/10/2022,Gateron,Clicky,29,19,9,15,9,81,78.9,,,18,Meirun,1,21.0,18.0,3.0,8.0,4.0,54.0,52.4
19,Penguins,3/26/2023,Durock/JWK,Tactile,27,22,6,17,8,80,78.6,,,19,Greetech,5,19.8,13.0,3.6,7.0,4.0,47.4,45.4
19,Wuque Studio Morandi,3/19/2023,Haimu,Linear,31,19,8,14,8,80,78.6,,,,,,,,,,,,
21,Caramel Chocolate (Lubed),12/31/2023,LICHICX,Linear,29,22,7,15,6,79,78.4,,,,,,,,,,,,
22,Keyfirst Bling Blue,11/5/2023,Haimu,Linear,32,21,8,10,8,79,78.2,,,,,,,,,,,,
23,Kinetic Labs Gecko,9/18/2022,Gateron,Silent Linear,28,23,8,15,6,80,78.1,,,,,,,,,,,,
24,Cookies n' Cream,1/29/2024,KTT,Tactile,28,22,5,16,7,78,77.5,,,,,,,,,,,,
25,Invokeys Matcha Latte,1/9/2022,Aflion,Linear,29,20,8,17,6,80,77.4,,,,,,,,,,,,
25,Novelkeys Cream Clickie,1/12/2023,Kailh,Clicky,31,15,8,15,10,79,77.4,,,,,,,,,,,,
30,Nixie Black,11/7/2020,Cherry,Linear,29,21,8,14,9,81,77.2,,,,,,,,,,,,
27,JWICK Semi Silent,11/13/2022,Durock/JWK,Silent Linear,28,19,8,15,9,79,77.3,,,,,,,,,,,,
27,DK Creamery Cookie Dough,11/19/2023,KTT,Silent Linear,29,19,7,16,7,78,77.3,,,,,,,,,,,,
27,SWK Jieum V2,12/3/2023,Unknown,Linear,29,24,7,13,5,78,77.3,,,,,,,,,,,,
31,Kailh Midnight Pro Grey,7/31/2022,Kailh,Silent Linear,29,21,7,15,7,79,77.0,,,,,,,,,,,,
31,Kailh Midnight Pro Light Yellow,7/31/2022,Kailh,Silent Tactile,28,21,8,15,7,79,77.0,,,,,,,,,,,,
33,Wuque Light Tactile,6/16/2024,Haimu,Tactile,29,18,8,16,6,77,76.9,,,,,,,,,,,,
34,Moyu Studio x XCJZ Snow Grape,9/17/2023,Unknown,Linear,30,19,9,14,5,77,76.1,,,,,,,,,,,,
35,Invokeys Blueberry Chiffon,8/21/2022,Aflion,Tactile,28,20,6,17,7,78,76.0,,,,,,,,,,,,
35,C3 Kiwi,8/1/2021,Durock/JWK,Tactile,29,19,8,15,8,79,76.0,,,,,,,,,,,,
35,Red Velvet,8/4/2024,KTT,Silent Tactile,29,16,8,17,6,76,76.0,,,,,,,,,,,,
38,Zeal Clickiez 75g. (Tactile),7/10/2022,Gateron,Tactile,28,20,7,15,8,78,75.9,,,,,,,,,,,,
39,Tecsee Purple Panda,5/9/2021,Tecsee,Tactile,29,22,8,14,6,79,75.8,,,,,,,,,,,,
39,TTC Tiger,5/15/2022,TTC,Linear,29,22,5,14,8,78,75.8,,,,,,,,,,,,
41,SP Star Magic Girl (Classic),3/26/2023,SP Star,Tactile,30,17,8,16,6,77,75.6,,,,,,,,,,,,
42,Gateron Oil King,1/23/2022,Gateron,Linear,30,19,7,15,7,78,75.5,,,,,,,,,,,,
42,KTT Strawberry,1/30/2021,KTT,Linear,30,20,8,15,6,79,75.5,,,,,,,,,,,,
44,Durock Sea Glass,9/3/2023,Durock/JWK,Linear,30,17,7,15,7,76,75.1,,,,,,,,,,,,
45,JWICK Ginger Milk,8/14/2022,Durock/JWK,Linear,28,21,6,14,8,77,75.0,,,,,,,,,,,,
45,Harimau,8/8/2021,Durock/JWK,Tactile,30,19,6,16,7,78,75.0,,,,,,,,,,,,
47,Momoka Frog V3,6/12/2021,Momoka,Linear,28,19,6,17,8,78,74.8,,,,,,,,,,,,
47,Gateron Pro Yellow,5/28/2021,Gateron,Linear,27,21,7,15,8,78,74.8,,,,,,,,,,,,
49,Wuque Studio Onion,3/27/2022,Durock/JWK,Linear,30,18,6,15,8,77,74.6,,,,,,,,,,,,
49,Gateron Lunar Probe,2/25/2024,Gateron,Linear,31,16,8,14,6,75,74.6,,,,,,,,,,,,
49,Kailh Christmas Tree,3/13/2022,Kailh,Linear,30,18,8,12,9,77,74.6,,,,,,,,,,,,
52,MODE Tomorrow,1/15/2023,Outemu,Tactile,28,20,6,16,6,76,74.4,,,,,,,,,,,,
52,Novelkeys Cream+ (Copper Insert),1/1/2023,Kailh,Linear,28,18,7,15,8,76,74.4,,,,,,,,,,,,
52,LICHICX Raw Small Tactile,1/14/2024,LICHICX,Silent Tactile,28,22,6,12,7,75,74.4,,,,,,,,,,,,
55,Gateron Vermilion Bird,8/15/2021,Gateron,Linear,30,17,8,15,7,77,74.0,,,,,,,,,,,,
55,CK x Haimu Pastel Thistle,7/23/2023,Haimu,Tactile,29,18,5,16,7,75,74.0,,,,,,,,,,,,
55,Kailh Box Navy,8/1/2021,Kailh,Clicky,29,16,9,16,7,77,74.0,,,,,,,,,,,,
55,Kailh Prestige Delighted,8/11/2024,Kailh,Linear,29,16,8,13,8,74,74.0,,,,,,,,,,,,
59,Jerrzi Poseidon,5/5/2024,Jerrzi,Linear,28,22,5,11,8,74,73.7,,,,,,,,,,,,
59,Naevy V1.5,4/18/2021,Tecsee,Tactile,29,17,8,16,7,77,73.7,,,,,,,,,,,,
61,Aflion Thunder Shadow,3/17/2024,Aflion,Tactile,26,22,7,14,5,74,73.6,,,,,,,,,,,,
61,NK Silk Mictlan,3/5/2023,Durock/JWK,Linear,29,17,6,16,7,75,73.6,,,,,,,,,,,,
61,Holy Panda X,3/1/2022,Gateron,Tactile,31,23,5,13,4,76,73.6,,,,,,,,,,,,
64,Durock POM Linear (Sample),12/20/2020,Durock/JWK,Linear,29,22,6,13,7,77,73.4,,,,,,,,,,,,
65,Gateron X Yellow,11/7/2021,Gateron,Linear,28,17,7,17,7,76,73.2,,,,,,,,,,,,
65,Gateron Cream Soda,10/23/2022,Gateron,Linear,29,18,7,14,7,75,73.2,,,,,,,,,,,,
65,Gateron Box Ink Black,10/24/2021,Gateron,Linear,29,18,8,15,6,76,73.2,,,,,,,,,,,,
65,Gateron Box Ink Pink,10/16/2021,Gateron,Linear,29,19,7,15,6,76,73.2,,,,,,,,,,,,
65,EMT V2,10/30/2022,Haimu,Linear,29,18,8,13,7,75,73.2,,,,,,,,,,,,
65,Ajazz x Huano Kiwi,10/10/2021,Huano,Tactile,30,16,6,15,9,76,73.2,,,,,,,,,,,,
71,Kailh Deep Sea Silent Pro Whale,9/3/2023,Kailh,Silent Tactile,27,21,7,13,6,74,73.1,,,,,,,,,,,,
71,TKC Blackberry,9/7/2022,Tecsee,Clicky,28,16,7,15,9,75,73.1,,,,,,,,,,,,
73,Kailh Box Jade,8/1/2021,Kailh,Clicky,28,16,9,16,7,76,73.0,,,,,,,,,,,,
75,Momoka Shark,6/12/2022,Momoka,Tactile,29,18,6,15,7,75,72.8,,,,,,,,,,,,
74,Tecsee Ice Milk Tactile,6/19/2022,Tecsee,Tactile,29,18,6,15,7,75,72.9,,,,,,,,,,,,
75,Hoshizora,5/22/2022,Durock/JWK,Linear,29,21,5,13,7,75,72.8,,,,,,,,,,,,
75,Blueberry Swirl,6/4/2023,KTT,Linear,27,19,6,15,7,74,72.8,,,,,,,,,,,,
78,Aflion Black and Orange,4/17/2022,Aflion,Tactile,28,23,7,11,6,75,72.7,,,,,,,,,,,,
78,Everfree Grayish Tactile,4/28/2024,Gateron,Tactile,27,18,5,16,7,73,72.7,,,,,,,,,,,,
80,Akko CS Rose Red,3/21/2021,KTT,Linear,29,19,5,16,7,76,72.6,,,,,,,,,,,,
81,Invokeys Purple Rice,12/17/2023,BSUN,Linear,28,19,6,14,6,73,72.4,,,,,,,,,,,,
81,Novelkeys Cream+ (Titanium Insert),1/1/2023,Kailh,Linear,27,18,6,15,8,74,72.4,,,,,,,,,,,,
83,Zealio V1 Redux (62g),11/28/2021,Gateron,Tactile,29,19,6,15,6,75,72.3,,,,,,,,,,,,
84,Diamond Avalon,10/1/2023,Unknown,Linear,26,19,5,15,8,73,72.1,,,,,,,,,,,,
84,Ajazz x Huano Banana,9/19/2021,Huano,Tactile,30,16,7,15,7,75,72.1,,,,,,,,,,,,
86,Quartz,8/1/2021,Durock/JWK,Linear,30,21,5,13,6,75,72.0,,,,,,,,,,,,
86,Seriko,8/15/2021,Durock/JWK,Silent Linear,29,21,7,11,7,75,72.0,,,,,,,,,,,,
88,Huano Fi,7/2/2023,Huano,Linear,28,18,6,13,8,73,71.9,,,,,,,,,,,,
89,Chosfox Hanami Dango Green,5/21/2023,Durock/JWK,Tactile,25,23,5,14,6,73,71.8,,,,,,,,,,,,
90,Kailh Autumn,4/9/2023,Kailh,Clicky,28,16,8,14,7,73,71.7,,,,,,,,,,,,
90,Neapolitan Ice Creams,5/2/2021,Tecsee,Tactile,30,14,7,16,8,75,71.7,,,,,,,,,,,,
93,Obsidian Pro,2/20/2022,Durock/JWK,Linear,30,16,7,14,7,74,71.5,,,,,,,,,,,,
92,Tecsee Sapphire,3/26/2023,Tecsee,Tactile,30,17,7,11,8,73,71.6,,,,,,,,,,,,
94,Lavenders,1/2/2020,Durock/JWK,Linear,29,20,7,13,7,76,71.4,,,,,,,,,,,,
94,Novelkeys Cream+ (No Insert),1/1/2023,Kailh,Linear,26,18,6,15,8,73,71.4,,,,,,,,,,,,
96,Zaku II,12/10/2023,Tecsee,Tactile,28,17,6,15,6,72,71.3,,,,,,,,,,,,
98,Ice Kachang (Unlubed),11/5/2023,Aflion,Tactile,27,20,6,13,6,72,71.2,,,,,,,,,,,,
96,Gateron SolDark,12/5/2021,Gateron,Tactile,29,16,5,16,8,74,71.3,,,,,,,,,,,,
99,JKDK x XCJZ Hillstone,9/24/2023,BSUN,Tactile,28,18,7,13,6,72,71.1,,,,,,,,,,,,
99,Haimu Heartbeat,9/11/2022,Haimu,Silent Linear,27,17,7,15,7,73,71.1,,,,,,,,,,,,
99,Ajazz x Huano Peach,9/26/2021,Huano,Linear,29,16,7,15,7,74,71.1,,,,,,,,,,,,
99,KTT Mallo,8/29/2021,KTT,Tactile,30,16,6,15,7,74,71.1,,,,,,,,,,,,
99,TTC Wild (42g.),9/5/2021,TTC,Linear,29,18,5,14,8,74,71.1,,,,,,,,,,,,
104,JWICK Taro,8/14/2022,Durock/JWK,Tactile,26,20,5,14,8,73,71.0,,,,,,,,,,,,
105,Outemu x XCJZ Dopamine,6/16/2024,Outemu,Silent Linear,29,21,7,9,5,71,70.9,,,,,,,,,,,,
106,Raed,4/25/2021,Tecsee,Linear,27,17,7,16,7,74,70.7,,,,,,,,,,,,
107,Gamakay Jupiter,1/28/2024,Outemu,Linear,29,18,5,13,6,71,70.5,,,,,,,,,,,,
108,TTC Brother,1/16/2022,TTC,Clicky,27,17,7,15,7,73,70.4,,,,,,,,,,,,
109,Akko CS Starfish,11/21/2021,KTT,Linear,29,20,5,14,5,73,70.3,,,,,,,,,,,,
110,Gateron CJ,10/3/2021,Gateron,Linear,29,19,5,14,6,73,70.2,,,,,,,,,,,,
110,Novelkeys Dream Cream,10/16/2022,Kailh,Linear,27,18,6,13,8,72,70.2,,,,,,,,,,,,
112,Penyu,8/15/2021,Durock/JWK,Linear,26,19,5,16,7,73,70.0,,,,,,,,,,,,
112,Amethyst,8/9/2021,Tecsee,Tactile,28,18,7,14,6,73,70.0,,,,,,,,,,,,
114,IDOBAO Elf Linear-C1,6/25/2023,Kailh,Silent Linear,29,17,6,12,7,71,69.9,,,,,,,,,,,,
116,Cherry MX Ergo Clear (3 Pin),5/7/2023,Cherry,Tactile,28,16,5,15,7,71,69.7,,,,,,,,,,,,
115,Huano Pineapple,5/28/2023,Huano,Linear,28,17,7,14,5,71,69.8,,,,,,,,,,,,
116,Geon Raptor MX,4/7/2024,BSUN,Linear,27,18,5,15,5,70,69.7,,,,,,,,,,,,
116,Gateron Hippo,4/4/2021,Gateron,Linear,28,19,5,14,7,73,69.7,,,,,,,,,,,,
116,Gateron Root Beer Float,4/16/2023,Gateron,Tactile,28,18,5,14,6,71,69.7,,,,,,,,,,,,
120,Feker Emerald Cabbage,1/21/2024,Unknown,Linear,28,18,7,11,6,70,69.5,,,,,,,,,,,,
121,Akko V3 Cream Yellow,11/20/2022,KTT,Linear,27,16,6,16,6,71,69.3,,,,,,,,,,,,
121,Akko CS Jelly White,11/21/2021,KTT,Linear,27,19,6,15,5,72,69.3,,,,,,,,,,,,
121,Akko V3 Cream Blue,11/20/2022,KTT,Tactile,26,19,5,15,6,71,69.3,,,,,,,,,,,,
121,Akko CS Sponge,11/21/2021,KTT,Tactile,27,20,6,14,5,72,69.3,,,,,,,,,,,,
121,Invokeys x Alas Daydreamer,11/26/2023,LICHICX,Silent Tactile,26,18,7,14,5,70,69.3,,,,,,,,,,,,
126,Cherry MX2A RGB Black (3 Pin),8/27/2023,Cherry,Linear,26,17,5,16,6,70,69.1,,,,,,,,,,,,
126,Meow Claw V2,9/12/2021,Huano,Linear,27,21,6,12,6,72,69.1,,,,,,,,,,,,
128,Gateron Yellow KS-8,8/1/2021,Gateron,Linear,27,15,6,16,8,72,69.0,,,,,,,,,,,,
128,Gateron Azure Dragon,8/15/2021,Gateron,Tactile,29,17,6,14,6,72,69.0,,,,,,,,,,,,
128,Glorious Panda,8/1/2021,Tecsee,Tactile,30,16,5,13,8,72,69.0,,,,,,,,,,,,
131,KTT Matcha,3/21/2021,KTT,Tactile,28,20,5,13,6,72,68.6,,,,,,,,,,,,
131,Outemu Clear,3/26/2023,Outemu,Clicky,24,22,5,14,5,70,68.6,,,,,,,,,,,,
131,TTC Blueish White,3/26/2023,TTC,Tactile,28,15,6,14,7,70,68.6,,,,,,,,,,,,
134,Huano Earth Yellow,2/5/2023,Huano,Linear,28,17,6,13,6,70,68.5,,,,,,,,,,,,
134,Kailh Box Speed Ultimate,2/13/2022,Kailh,Linear,30,17,4,14,6,71,68.5,,,,,,,,,,,,
137,Gateron Azure Dragon V2,12/11/2022,Gateron,Tactile,27,19,5,13,6,70,68.3,,,,,,,,,,,,
136,Rubrehose Brown,1/8/2023,Tecsee,Linear,27,17,6,13,7,70,68.4,,,,,,,,,,,,
138,Betty,11/6/2022,Haimu,Tactile,27,18,6,13,6,70,68.2,,,,,,,,,,,,
139,Auralite,8/29/2021,Tecsee,Linear,27,18,6,14,6,71,68.1,,,,,,,,,,,,
140,BSUN Strawberry Cheesecake,8/11/2024,BSUN,Tactile,29,16,5,15,3,68,68.0,,,,,,,,,,,,
140,Anubis,8/1/2021,Durock/JWK,Tactile,29,15,7,13,7,71,68.0,,,,,,,,,,,,
140,DareU Mahjong,8/6/2023,Huano,Linear,26,18,5,12,8,69,68.0,,,,,,,,,,,,
140,Star Grey,8/1/2021,SP Star,Linear,28,16,7,13,7,71,68.0,,,,,,,,,,,,
140,Star Purple,8/1/2021,SP Star,Tactile,29,16,6,13,7,71,68.0,,,,,,,,,,,,
145,Zeal Pearlio,7/3/2022,Gateron,Linear,29,22,6,8,5,70,67.9,,,,,,,,,,,,
145,KTT Kang White,6/20/2021,KTT,Linear,28,15,7,14,7,71,67.9,,,,,,,,,,,,
147,Mode Signal,5/22/2022,Durock/JWK,Tactile,28,16,4,15,7,70,67.8,,,,,,,,,,,,
147,Gateron Deepping,5/26/2024,Gateron,Linear,30,18,7,10,3,68,67.8,,,,,,,,,,,,
147,Husky,5/30/2021,Tecsee,Linear,28,17,6,14,6,71,67.8,,,,,,,,,,,,
150,Gamakay Venus,1/28/2024,Outemu,Tactile,26,18,5,13,6,68,67.5,,,,,,,,,,,,
151,SP Star Marble Soda Melon,1/16/2022,SP Star,Linear,27,18,6,13,6,70,67.4,,,,,,,,,,,,
151,Spring Switch,12/17/2023,BSUN,Linear,28,19,6,9,6,68,67.4,,,,,,,,,,,,
151,Cherry MX Purple,1/7/2024,Cherry,Tactile,28,17,6,12,5,68,67.4,,,,,,,,,,,,
154,JKDK Crimson,11/5/2023,LICHICX,Silent Tactile,26,18,7,10,7,68,67.2,,,,,,,,,,,,
154,Qeeke Begonia (Crabapple),10/21/2023,Jerrzi,Linear,27,17,7,11,6,68,67.2,,,,,,,,,,,,
156,KFA Lubed Pink Robin,9/11/2022,Aflion,Linear,27,17,5,14,6,69,67.1,,,,,,,,,,,,
156,Tecsee Sapphire V2,9/12/2021,Tecsee,Tactile,30,15,8,11,6,70,67.1,,,,,,,,,,,,
158,Wuque WS POM+,8/18/2024,Gateron,Linear,29,15,6,14,3,67,67.0,,,,,,,,,,,,
159,Zeal Crystal,7/3/2022,Gateron,Tactile,28,20,5,10,6,69,66.9,,,,,,,,,,,,
159,IDOBAO Elf Tactile-T1,6/25/2023,Kailh,Silent Tactile,27,17,5,12,7,68,66.9,,,,,,,,,,,,
161,Novelkeys Cream Arc,5/29/2022,Kailh,Linear,28,18,5,12,6,69,66.8,,,,,,,,,,,,
161,Kingfishers,5/22/2022,Tecsee,Linear,28,18,7,10,6,69,66.8,,,,,,,,,,,,
163,Gateron UHMknown,4/30/2023,Gateron,Linear,28,16,6,12,6,68,66.7,,,,,,,,,,,,
163,Gateron Mink,4/3/2022,Gateron,Linear,27,15,6,14,7,69,66.7,,,,,,,,,,,,
163,Gateron Cap Brown,4/11/2021,Gateron,Tactile,28,15,7,14,6,70,66.7,,,,,,,,,,,,
166,Cherry Viola,2/25/2024,Cherry,Linear,27,16,5,12,7,67,66.6,,,,,,,,,,,,
167,Kailh Box Mute Jade,2/6/2022,Kailh,Clicky,26,17,4,15,7,69,66.5,,,,,,,,,,,,
168,SP Star Sacramento,12/26/2021,SP Star,Linear,26,17,6,13,7,69,66.4,,,,,,,,,,,,
169,Mengmoda Ice Cream,10/21/2023,SOAI,Linear,28,16,7,10,6,67,66.2,,,,,,,,,,,,
169,Tecsee Middle Switch Tactile,10/15/2023,Tecsee,Tactile,26,16,4,14,7,67,66.2,,,,,,,,,,,,
171,Lubed Black Geon Switch,8/7/2022,Tecsee,Linear,27,16,6,14,5,68,66.0,,,,,,,,,,,,
173,Gateron Dual-Rail Magnetic Orange,6/9/2024,Gateron,Linear,27,18,4,10,7,66,65.8,,,,,,,,,,,,
172,Zeal Clickiez 75g. (Linear),7/10/2022,Gateron,Linear,27,18,5,13,5,68,65.9,,,,,,,,,,,,
173,Mode Reflex,5/22/2022,Durock/JWK,Linear,27,16,4,15,6,68,65.8,,,,,,,,,,,,
175,Kailh Box Spring,3/17/2024,Kailh,Linear,28,17,6,10,5,66,65.6,,,,,,,,,,,,
175,Lumia Matcha (62g),3/20/2022,Unknown,Linear,26,17,7,11,7,68,65.6,,,,,,,,,,,,
177,BSUN Avocado Panda V2,2/5/2023,BSUN,Tactile,27,18,5,12,5,67,65.5,,,,,,,,,,,,
177,Tsavorite,1/30/2022,Durock/JWK,Linear,27,17,6,12,6,68,65.5,,,,,,,,,,,,
179,Sarokeys BCP,11/12/2023,BSUN,Linear,27,17,6,13,3,66,65.3,,,,,,,,,,,,
179,Gateron Kangaroo Inks,11/21/2020,Gateron,Tactile,28,16,7,11,7,69,65.3,,,,,,,,,,,,
181,Leobog Pig Synapse,10/21/2023,SOAI,Tactile,25,22,3,12,4,66,65.2,,,,,,,,,,,,
181,Cow Orange,10/10/2021,Tecsee,Linear,25,18,6,13,6,68,65.2,,,,,,,,,,,,
183,Cherry MX Orange,7/21/2024,Cherry,Linear,25,17,5,13,5,65,65.0,,,,,,,,,,,,
183,TTC Gold Pink,8/1/2021,TTC,Linear,27,15,6,14,6,68,65.0,,,,,,,,,,,,
185,Designer Studio Graphite Gold,6/26/2022,Durock/JWK,Linear,27,16,6,11,7,67,64.9,,,,,,,,,,,,
186,KTT Purple Sauce,6/11/2023,KTT,Clicky,27,16,5,13,5,66,64.8,,,,,,,,,,,,
186,Haimu x Geon HG Silent Red,6/4/2023,Haimu,Silent Linear,26,16,6,12,6,66,64.8,,,,,,,,,,,,
188,BSUN POM Linear,2/23/2021,BSUN,Linear,29,15,6,13,5,68,64.5,,,,,,,,,,,,
188,Opblack,2/13/2020,Durock/JWK,Linear,28,15,6,14,6,69,64.5,,,,,,,,,,,,
190,Gateron Mochi,11/7/2021,Gateron,Linear,27,16,5,14,5,67,64.2,,,,,,,,,,,,
190,Zealios V1 Linear,11/7/2021,Gateron,Linear,24,15,5,15,8,67,64.2,,,,,,,,,,,,
192,KTT Sea Salt,9/12/2021,KTT,Linear,27,14,7,13,6,67,64.1,,,,,,,,,,,,
193,Hexin Workshop Bamboo Green (60g),8/1/2021,Durock/JWK,Tactile,27,16,7,12,5,67,64.0,,,,,,,,,,,,
194,DesignerStudio White Jade,6/19/2022,Durock/JWK,Tactile,27,16,5,13,5,66,63.9,,,,,,,,,,,,
194,KTT Peach,6/20/2021,KTT,Linear,27,14,7,13,6,67,63.9,,,,,,,,,,,,
196,Musetsu,5/22/2022,Durock/JWK,Tactile,25,19,4,13,5,66,63.8,,,,,,,,,,,,
196,'Aura' Frost Panda,6/6/2021,Tecsee,Tactile,26,18,5,13,5,67,63.8,,,,,,,,,,,,
198,43 Studio Jing,4/7/2024,Durock/JWK,Linear,26,20,5,9,4,64,63.7,,,,,,,,,,,,
198,B.Stone Dark Eyes,4/7/2024,Unknown,Tactile,27,14,5,12,6,64,63.7,,,,,,,,,,,,
200,Keychron Phantom Brown,3/20/2022,Gateron,Tactile,23,19,4,15,5,66,63.6,,,,,,,,,,,,
200,NK x Kailh Speed Heavy Pale Blue,3/26/2023,Kailh,Clicky,27,15,7,10,6,65,63.6,,,,,,,,,,,,
200,NK x Kailh Speed Heavy Dark Yellow,3/26/2023,Kailh,Linear,26,15,7,10,7,65,63.6,,,,,,,,,,,,
200,TTC L Series Blue,2/25/2024,TTC,Clicky,24,18,5,12,5,64,63.6,,,,,,,,,,,,
204,Vertex V1 (Unlubed),7/23/2023,Durock/JWK,Linear,25,17,5,13,4,64,63.0,,,,,,,,,,,,
204,RAMA WORKS Duck,7/24/2022,Gateron,Linear,29,20,6,5,5,65,63.0,,,,,,,,,,,,
204,Naevy V1,8/15/2021,Tecsee,Tactile,28,14,7,12,5,66,63.0,,,,,,,,,,,,
207,Chosfox Hanami Dango Pink,5/21/2023,Durock/JWK,Linear,25,17,4,12,6,64,62.8,,,,,,,,,,,,
207,Gateron Luciola,6/4/2023,Gateron,Linear,26,18,4,11,5,64,62.8,,,,,,,,,,,,
207,Novelkeys Box Cream,5/9/2021,Kailh,Linear,25,16,5,14,6,66,62.8,,,,,,,,,,,,
210,BSUN Pikachu,2/5/2023,BSUN,Linear,27,16,5,11,5,64,62.5,,,,,,,,,,,,
211,Kailh Pro Purple (Plate Mount),1/16/2022,Kailh,Tactile,24,14,6,14,7,65,62.4,,,,,,,,,,,,
213,Redragon Sapphire,11/6/2022,Haimu,Tactile,25,16,4,14,5,64,62.2,,,,,,,,,,,,
212,Leobog Ice Blue,11/19/2023,SOAI,Clicky,23,23,3,9,5,63,62.3,,,,,,,,,,,,
213,XCJZ Jerrzi Lotus Stem,10/21/2023,Jerrzi,Clicky,25,16,5,12,5,63,62.2,,,,,,,,,,,,
213,Leobog Nimbus,10/21/2023,SOAI,Linear,26,17,5,10,5,63,62.2,,,,,,,,,,,,
216,Cherry MX2A RGB Blue (3 Pin),9/3/2023,Cherry,Clicky,22,17,4,15,5,63,62.1,,,,,,,,,,,,
217,Kailh Box Silent Brown,8/15/2021,Kailh,Silent Tactile,24,17,6,13,5,65,62.0,,,,,,,,,,,,
218,Mengmoda Honey,6/5/2022,Aflion,Tactile,26,15,5,12,6,64,61.8,,,,,,,,,,,,
218,Strawberry Jelly V2,6/5/2022,Huano,Linear,24,21,4,11,4,64,61.8,,,,,,,,,,,,
218,KTT Gold,5/22/2022,KTT,Clicky,24,14,6,13,7,64,61.8,,,,,,,,,,,,
221,Taro Ball,4/25/2021,Durock/JWK,Tactile,26,14,6,13,6,65,61.7,,,,,,,,,,,,
222,Akko CS Ocean Blue,3/21/2021,KTT,Tactile,23,19,4,13,6,65,61.6,,,,,,,,,,,,
223,Original Aspiration (Release),2/3/2021,Durock/JWK,Linear,27,18,3,12,5,65,61.5,,,,,,,,,,,,
225,Kailh Pro Burgundy (Plate Mount),1/16/2022,Kailh,Linear,25,14,5,13,7,64,61.4,,,,,,,,,,,,
223,SP Star Ayara,1/30/2022,SP Star,Linear,26,16,6,11,5,64,61.5,,,,,,,,,,,,
226,Melgeek Plastic,11/19/2023,Kailh,Linear,27,18,4,9,4,62,61.3,,,,,,,,,,,,
227,Cream Tactile,10/31/2021,Kailh,Tactile,25,15,4,14,6,64,61.2,,,,,,,,,,,,
227,RRE Blacks,10/24/2021,Unknown,Linear,24,15,6,14,5,64,61.2,,,,,,,,,,,,
229,Haimu Whisper,9/11/2022,Haimu,Silent Tactile,27,14,4,13,5,63,61.1,,,,,,,,,,,,
230,Moyu Black,8/1/2021,Durock/JWK,Tactile,27,17,5,9,6,64,61.0,,,,,,,,,,,,
230,Kailh Canary,8/15/2021,Kailh,Tactile,25,16,5,13,5,64,61.0,,,,,,,,,,,,
232,Pewters,5/22/2022,Durock/JWK,Tactile,27,14,5,11,6,63,60.8,,,,,,,,,,,,
232,Frost Panda,6/6/2021,Tecsee,Linear,24,18,6,11,5,64,60.8,,,,,,,,,,,,
234,Tecsee Christmas Dolphin,3/17/2024,Tecsee,Linear,26,12,5,11,7,61,60.6,,,,,,,,,,,,
235,BSUN Banana Tactile,12/31/2023,BSUN,Tactile,26,17,4,10,4,61,60.4,,,,,,,,,,,,
235,Leobog Standard Brown,1/14/2024,SOAI,Tactile,26,16,4,10,5,61,60.4,,,,,,,,,,,,
237,Varmilo EC V2 Rose,10/21/2023,Unknown,Linear,25,15,4,12,5,61,60.2,,,,,,,,,,,,
238,Kailh Box Sky Blue,9/26/2021,Kailh,Clicky,25,17,5,12,4,63,60.1,,,,,,,,,,,,
238,KTT Cloud Blue,9/12/2021,KTT,Linear,26,14,6,12,5,63,60.1,,,,,,,,,,,,
240,Taiwan Jet Axis Yellow,8/22/2021,Unknown,Linear,20,22,6,10,5,63,60.0,,,,,,,,,,,,
240,Healio,8/15/2021,Gateron,Silent Linear,26,16,6,9,6,63,60.0,,,,,,,,,,,,
242,Queen,6/6/2021,Durock/JWK,Linear,26,17,4,11,5,63,59.8,,,,,,,,,,,,
242,Durock Sunflower,5/28/2021,Durock/JWK,Tactile,26,19,3,10,5,63,59.8,,,,,,,,,,,,
242,KTT Cabbage Tofu,6/5/2022,KTT,Linear,27,15,5,11,4,62,59.8,,,,,,,,,,,,
245,Gateron Beer,12/31/2023,Gateron,Tactile,25,15,4,11,5,60,59.4,,,,,,,,,,,,
246,Winkeyless.KR Zeal Clear,11/14/2021,Gateron,Tactile,24,11,4,16,7,62,59.3,,,,,,,,,,,,
247,Varmilo EC V2 Daisy,10/21/2023,Unknown,Linear,25,13,4,12,6,60,59.2,,,,,,,,,,,,
248,Original Aspiration (Sample),9/18/2020,Durock/JWK,Linear,28,17,4,10,4,63,59.1,,,,,,,,,,,,
248,Kailh Box Rose Red,9/26/2021,Kailh,Linear,25,17,5,12,3,62,59.1,,,,,,,,,,,,
250,Everglide Sky Blue V2.5,5/22/2022,Durock/JWK,Linear,26,16,5,9,5,61,58.8,,,,,,,,,,,,
250,8008 Ink,5/22/2022,Gateron,Linear,26,15,4,11,5,61,58.8,,,,,,,,,,,,
252,Cherry MX Brown (3 Pin),3/14/2021,Cherry,Tactile,21,14,4,18,5,62,58.6,,,,,,,,,,,,
252,TTC x Helix Lab Skylar,3/26/2023,TTC,Clicky,23,15,5,11,6,60,58.6,,,,,,,,,,,,
254,Everglide Lightning Silver Light Green,1/30/2022,Durock/JWK,Linear,24,18,4,8,7,61,58.5,,,,,,,,,,,,
255,Gateron Ink Yellow V2,1/16/2022,Gateron,Linear,23,13,5,14,6,61,58.4,,,,,,,,,,,,
255,Novelia,1/17/2021,Kailh,Tactile,26,16,4,11,5,62,58.4,,,,,,,,,,,,
257,Varmilo EC V2 Sakura,10/21/2023,Unknown,Linear,25,13,4,12,5,59,58.2,,,,,,,,,,,,
258,Kailh Box Quicksand Gold,9/26/2021,Kailh,Tactile,23,17,4,12,5,61,58.1,,,,,,,,,,,,
259,Everglide Sakura Pink V2,8/1/2021,Durock/JWK,Linear,26,12,5,12,6,61,58.0,,,,,,,,,,,,
260,Greetech Sunset,4/14/2024,Greetech,Linear,26,14,4,8,6,58,57.7,,,,,,,,,,,,
261,NK x Kailh Speed Heavy Burnt Orange,3/26/2023,Kailh,Tactile,24,15,4,10,6,59,57.6,,,,,,,,,,,,
262,Popu,12/5/2021,Durock/JWK,Linear,26,16,2,11,5,60,57.3,,,,,,,,,,,,
263,Cherry Jailhouse Blue,10/9/2022,Cherry,Tactile,24,14,5,10,6,59,57.2,,,,,,,,,,,,
264,Gateron Keyfirst Cream,9/12/2021,Gateron,Linear,25,16,4,10,5,60,57.1,,,,,,,,,,,,
264,Gateron Robin,9/12/2021,Gateron,Linear,23,16,4,12,5,60,57.1,,,,,,,,,,,,
266,Kailh Box Silent Pink,8/15/2021,Kailh,Silent Linear,21,16,6,13,4,60,57.0,,,,,,,,,,,,
267,Monka V3 Cherry Powder,6/25/2023,Haimu,Linear,22,17,3,11,5,58,56.9,,,,,,,,,,,,
268,Content Blue (Black Bottom),5/5/2024,KTT,Clicky,22,17,4,9,5,57,56.7,,,,,,,,,,,,
269,Cotton Candy,3/6/2022,Durock/JWK,Tactile,24,14,5,11,5,59,56.6,,,,,,,,,,,,
269,Outemu Silent Peach,3/20/2022,Outemu,Silent Linear,24,15,5,10,5,59,56.6,,,,,,,,,,,,
271,Novelkeys Launch Creams,10/10/2021,Kailh,Linear,26,13,2,14,4,59,56.2,,,,,,,,,,,,
272,C3 Macho,9/12/2021,Durock/JWK,Linear,26,14,4,10,5,59,56.1,,,,,,,,,,,,
272,Aliaz (80g),9/12/2021,Gateron,Silent Tactile,24,14,4,11,6,59,56.1,,,,,,,,,,,,
274,Konpeitou,7/25/2021,Durock/JWK,Linear,24,16,4,10,5,59,56.0,,,,,,,,,,,,
275,Ethereal Panda,5/22/2022,Tecsee,Tactile,23,18,4,8,5,58,55.8,,,,,,,,,,,,
276,Opgrey,3/26/2023,Durock/JWK,Tactile,25,13,4,7,8,57,55.6,,,,,,,,,,,,
278,Kailh Pro Light Green (Plate Mount),1/16/2022,Kailh,Clicky,22,14,4,12,6,58,55.4,,,,,,,,,,,,
277,Tecsee Honey Peach,2/18/2024,Tecsee,Linear,22,17,2,9,6,56,55.5,,,,,,,,,,,,
279,Outemu Dustproof Teal,10/9/2022,Outemu,Clicky,22,17,4,10,4,57,55.2,,,,,,,,,,,,
280,Crane,9/12/2021,Durock/JWK,Tactile,23,16,3,11,5,58,55.1,,,,,,,,,,,,
281,LCET Blue and Purple,4/9/2023,Unknown,Clicky,22,14,4,11,5,56,54.7,,,,,,,,,,,,
282,Obsidian L,12/18/2022,Durock/JWK,Linear,20,14,5,11,6,56,54.4,,,,,,,,,,,,
283,Mengmoda Holy Panda,10/21/2023,SOAI,Tactile,23,17,1,9,5,55,54.2,,,,,,,,,,,,
284,Gateron Slate Grey,1/21/2021,Gateron,Linear,24,13,4,12,4,57,53.5,,,,,,,,,,,,
285,Everglide Amber Orange V2 Pro!,8/1/2021,Durock/JWK,Linear,24,12,5,10,5,56,53.0,,,,,,,,,,,,
285,Gateron N1,8/15/2021,Gateron,Linear,24,14,5,8,5,56,53.0,,,,,,,,,,,,
287,NK x Kailh Chocolate,6/20/2021,Kailh,Linear,24,14,3,10,5,56,52.9,,,,,,,,,,,,
288,Snow Whites,5/22/2022,Durock/JWK,Linear,26,14,5,7,3,55,52.8,,,,,,,,,,,,
289,Gateron Mini,3/6/2022,Gateron,Linear,23,13,4,11,4,55,52.6,,,,,,,,,,,,
290,Honeycomb,1/8/2023,Meirun,Linear,21,18,3,8,4,54,52.4,,,,,,,,,,,,
291,Huano Clicky White,10/8/2023,Huano,Clicky,22,15,4,8,4,53,52.2,,,,,,,,,,,,
291,Huano Silver,10/24/2021,Huano,Linear,23,13,4,11,4,55,52.2,,,,,,,,,,,,
293,Glorious Lynx (Unlubed),8/29/2021,Tecsee,Linear,23,14,4,9,5,55,52.1,,,,,,,,,,,,
294,Paigu Mocha Cheese,6/16/2024,Unknown,Linear,22,16,2,9,3,52,51.9,,,,,,,,,,,,
295,Everglide Coral Red V2 Pro!,8/1/2021,Durock/JWK,Linear,22,12,5,10,5,54,51.0,,,,,,,,,,,,
296,Greetech Razer Yellow,1/16/2022,Greetech,Linear,23,13,5,7,4,52,49.4,,,,,,,,,,,,
297,Gateron Ink Blue V1,8/15/2021,Gateron,Clicky,21,15,4,9,3,52,49.0,,,,,,,,,,,,
298,Teton Cream,10/9/2022,Unknown,Linear,19,13,3,9,6,50,48.2,,,,,,,,,,,,
299,TTC Razer Dustproof Green,10/9/2022,TTC,Clicky,19,14,3,9,4,49,47.2,,,,,,,,,,,,
300,KK Lightwave,8/15/2021,Tecsee,Linear,22,11,5,7,5,50,47.0,,,,,,,,,,,,
301,Akko Pink,1/16/2022,Huano,Linear,19,13,4,9,4,49,46.4,,,,,,,,,,,,
302,LCET Red (Black Bottom),5/21/2023,Unknown,Linear,17,14,3,9,4,47,45.8,,,,,,,,,,,,
303,TTC Razer Dustproof Yellow,10/9/2022,TTC,Linear,20,14,3,7,3,47,45.2,,,,,,,,,,,,
304,Greetech Razer Orange,1/16/2022,Greetech,Tactile,19,13,3,7,4,46,43.4,,,,,,,,,,,,
305,TTC Razer Dustproof Orange,10/9/2022,TTC,Tactile,16,14,4,7,4,45,43.2,,,,,,,,,,,,
306,Everglide Jade Green V2,8/1/2021,Durock/JWK,Tactile,15,12,4,10,4,45,42.0,,,,,,,,,,,,
307,TTC Orange Clicky,10/8/2023,TTC,Clicky,14,13,2,9,4,42,41.2,,,,,,,,,,,,
308,Greetech Razer Green,1/16/2022,Greetech,Clicky,17,13,3,6,4,43,40.4,,,,,,,,,,,,
309,OArmy Green,10/9/2022,Greetech,Clicky,14,12,3,7,2,38,36.2,,,,,,,,,,,,
,,,,,,,,,,,,,,,,,,,,,,,
AVG,AVERAGE OF ALL,,-,-,26.6,17.3,5.6,12.7,6.0,68.3,66.3,,,,,,,,,,,,
 - LINEAR RANKINGS -,,,,,,,,,,,,,,,,,,,,,,,
Rank,Switch Name,Date,Manufacturer,Type,Push Feel,Wobble,Sound,Context,Other,"Timeless
Total","Time Wtd. 
Total",,,,,,,,,,,,
1,Gateron G Pro 3.0 Yellow,8/6/2023,Gateron,Linear,31,21,7,18,9,86,85.0,,,,,,,,,,,,
2,Alpaca V2,12/6/2020,Durock/JWK,Linear,32,22,9,16,8,87,83.3,,,,,,,,,,,,
3,TTC Neptune,4/23/2023,TTC,Linear,31,23,8,15,7,84,82.7,,,,,,,,,,,,
4,Huano Caramel Latte,6/23/2024,Huano,Linear,31,20,9,14,8,82,81.9,,,,,,,,,,,,
5,Ball Bearing Blue,3/24/2024,Unknown,Linear,31,25,8,9,9,82,81.6,,,,,,,,,,,,
5,Everglide V3 'Water King' (60g),2/28/2020,Durock/JWK,Linear,32,24,7,15,8,86,81.6,,,,,,,,,,,,
7,Invokeys Black Sesame,10/2/2022,Aflion,Linear,32,20,7,17,7,83,81.2,,,,,,,,,,,,
8,Gateron Speed Silver Pro,5/28/2021,Gateron,Linear,31,21,9,15,8,84,80.8,,,,,,,,,,,,
9,Raptor MX Extreme,5/12/2024,Unknown,Linear,30,23,7,15,5,80,79.8,,,,,,,,,,,,
10,Cherry MX 'New Nixie' (Black Clear-Top),12/4/2022,Cherry,Linear,27,20,6,18,10,81,79.3,,,,,,,,,,,,
11,Wuque Studio Morandi,3/19/2023,Haimu,Linear,31,19,8,14,8,80,78.6,,,,,,,,,,,,
12,Caramel Chocolate (Lubed),12/31/2023,LICHICX,Linear,29,22,7,15,6,79,78.4,,,,,,,,,,,,
13,Keyfirst Bling Blue,11/5/2023,Haimu,Linear,32,21,8,10,8,79,78.2,,,,,,,,,,,,
14,Invokeys Matcha Latte,1/9/2022,Aflion,Linear,29,20,8,17,6,80,77.4,,,,,,,,,,,,
15,SWK Jieum V2,12/3/2023,Unknown,Linear,29,24,7,13,5,78,77.3,,,,,,,,,,,,
16,Nixie Black,11/7/2020,Cherry,Linear,29,21,8,14,9,81,77.2,,,,,,,,,,,,
17,Moyu Studio x XCJZ Snow Grape,9/17/2023,Unknown,Linear,30,19,9,14,5,77,76.1,,,,,,,,,,,,
18,TTC Tiger,5/15/2022,TTC,Linear,29,22,5,14,8,78,75.8,,,,,,,,,,,,
19,Gateron Oil King,1/23/2022,Gateron,Linear,30,19,7,15,7,78,75.5,,,,,,,,,,,,
19,KTT Strawberry,1/30/2021,KTT,Linear,30,20,8,15,6,79,75.5,,,,,,,,,,,,
21,Durock Sea Glass,9/3/2023,Durock/JWK,Linear,30,17,7,15,7,76,75.1,,,,,,,,,,,,
22,JWICK Ginger Milk,8/14/2022,Durock/JWK,Linear,28,21,6,14,8,77,75.0,,,,,,,,,,,,
23,Momoka Frog V3,6/12/2021,Momoka,Linear,28,19,6,17,8,78,74.8,,,,,,,,,,,,
23,Gateron Pro Yellow,5/28/2021,Gateron,Linear,27,21,7,15,8,78,74.8,,,,,,,,,,,,
25,Gateron Lunar Probe,2/25/2024,Gateron,Linear,31,16,8,14,6,75,74.6,,,,,,,,,,,,
25,Wuque Studio Onion,3/27/2022,Durock/JWK,Linear,30,18,6,15,8,77,74.6,,,,,,,,,,,,
25,Kailh Christmas Tree,3/13/2022,Kailh,Linear,30,18,8,12,9,77,74.6,,,,,,,,,,,,
28,Novelkeys Cream+ (Copper Insert),1/1/2023,Kailh,Linear,28,18,7,15,8,76,74.4,,,,,,,,,,,,
29,Gateron Vermilion Bird,8/15/2021,Gateron,Linear,30,17,8,15,7,77,74.0,,,,,,,,,,,,
29,Kailh Prestige Delighted,8/11/2024,Kailh,Linear,29,16,8,13,8,74,74.0,,,,,,,,,,,,
31,Jerrzi Poseidon,5/5/2024,Jerrzi,Linear,28,22,5,11,8,74,73.7,,,,,,,,,,,,
32,NK Silk Mictlan,3/5/2023,Durock/JWK,Linear,29,17,6,16,7,75,73.6,,,,,,,,,,,,
33,Durock POM Linear (Sample),12/20/2020,Durock/JWK,Linear,29,22,6,13,7,77,73.4,,,,,,,,,,,,
34,Gateron X Yellow,11/7/2021,Gateron,Linear,28,17,7,17,7,76,73.2,,,,,,,,,,,,
34,EMT V2,10/30/2022,Haimu,Linear,29,18,8,13,7,75,73.2,,,,,,,,,,,,
34,Gateron Cream Soda,10/23/2022,Gateron,Linear,29,18,7,14,7,75,73.2,,,,,,,,,,,,
34,Gateron Box Ink Black,10/24/2021,Gateron,Linear,29,18,8,15,6,76,73.2,,,,,,,,,,,,
34,Gateron Box Ink Pink,10/16/2021,Gateron,Linear,29,19,7,15,6,76,73.2,,,,,,,,,,,,
39,Blueberry Swirl,6/4/2023,KTT,Linear,27,19,6,15,7,74,72.8,,,,,,,,,,,,
39,Hoshizora,5/22/2022,Durock/JWK,Linear,29,21,5,13,7,75,72.8,,,,,,,,,,,,
41,Akko CS Rose Red,3/21/2021,KTT,Linear,29,19,5,16,7,76,72.6,,,,,,,,,,,,
42,Invokeys Purple Rice,12/17/2023,BSUN,Linear,28,19,6,14,6,73,72.4,,,,,,,,,,,,
42,Novelkeys Cream+ (Titanium Insert),1/1/2023,Kailh,Linear,27,18,6,15,8,74,72.4,,,,,,,,,,,,
44,Diamond Avalon,10/1/2023,Unknown,Linear,26,19,5,15,8,73,72.1,,,,,,,,,,,,
45,Quartz,8/1/2021,Durock/JWK,Linear,30,21,5,13,6,75,72.0,,,,,,,,,,,,
46,Huano Fi,7/2/2023,Huano,Linear,28,18,6,13,8,73,71.9,,,,,,,,,,,,
47,Obsidian Pro,2/20/2022,Durock/JWK,Linear,30,16,7,14,7,74,71.5,,,,,,,,,,,,
48,Novelkeys Cream+ (No Insert),1/1/2023,Kailh,Linear,26,18,6,15,8,73,71.4,,,,,,,,,,,,
48,Lavenders,1/2/2020,Durock/JWK,Linear,29,20,7,13,7,76,71.4,,,,,,,,,,,,
50,Ajazz x Huano Peach,9/26/2021,Huano,Linear,29,16,7,15,7,74,71.1,,,,,,,,,,,,
50,TTC Wild (42g.),9/5/2021,TTC,Linear,29,18,5,14,8,74,71.1,,,,,,,,,,,,
52,Raed,4/25/2021,Tecsee,Linear,27,17,7,16,7,74,70.7,,,,,,,,,,,,
53,Gamakay Jupiter,1/28/2024,Outemu,Linear,29,18,5,13,6,71,70.5,,,,,,,,,,,,
54,Akko CS Starfish,11/21/2021,KTT,Linear,29,20,5,14,5,73,70.3,,,,,,,,,,,,
55,Novelkeys Dream Cream,10/16/2022,Kailh,Linear,27,18,6,13,8,72,70.2,,,,,,,,,,,,
55,Gateron CJ,10/3/2021,Gateron,Linear,29,19,5,14,6,73,70.2,,,,,,,,,,,,
57,Penyu,8/15/2021,Durock/JWK,Linear,26,19,5,16,7,73,70.0,,,,,,,,,,,,
58,Huano Pineapple,5/28/2023,Huano,Linear,28,17,7,14,5,71,69.8,,,,,,,,,,,,
59,Geon Raptor MX,4/7/2024,BSUN,Linear,27,18,5,15,5,70,69.7,,,,,,,,,,,,
59,Gateron Hippo,4/4/2021,Gateron,Linear,28,19,5,14,7,73,69.7,,,,,,,,,,,,
61,Feker Emerald Cabbage,1/21/2024,Unknown,Linear,28,18,7,11,6,70,69.5,,,,,,,,,,,,
62,Akko V3 Cream Yellow,11/20/2022,KTT,Linear,27,16,6,16,6,71,69.3,,,,,,,,,,,,
62,Akko CS Jelly White,11/21/2021,KTT,Linear,27,19,6,15,5,72,69.3,,,,,,,,,,,,
64,Cherry MX2A RGB Black (3 Pin),8/27/2023,Cherry,Linear,26,17,5,16,6,70,69.1,,,,,,,,,,,,
64,Meow Claw V2,9/12/2021,Huano,Linear,27,21,6,12,6,72,69.1,,,,,,,,,,,,
66,Gateron Yellow KS-8,8/1/2021,Gateron,Linear,27,15,6,16,8,72,69.0,,,,,,,,,,,,
67,Huano Earth Yellow,2/5/2023,Huano,Linear,28,17,6,13,6,70,68.5,,,,,,,,,,,,
67,Kailh Box Speed Ultimate,2/13/2022,Kailh,Linear,30,17,4,14,6,71,68.5,,,,,,,,,,,,
69,Rubrehose Brown,1/8/2023,Tecsee,Linear,27,17,6,13,7,70,68.4,,,,,,,,,,,,
70,Auralite,8/29/2021,Tecsee,Linear,27,18,6,14,6,71,68.1,,,,,,,,,,,,
71,DareU Mahjong,8/6/2023,Huano,Linear,26,18,5,12,8,69,68.0,,,,,,,,,,,,
71,Star Grey,8/1/2021,SP Star,Linear,28,16,7,13,7,71,68.0,,,,,,,,,,,,
73,Zeal Pearlio,7/3/2022,Gateron,Linear,29,22,6,8,5,70,67.9,,,,,,,,,,,,
73,KTT Kang White,6/20/2021,KTT,Linear,28,15,7,14,7,71,67.9,,,,,,,,,,,,
75,Gateron Deepping,5/26/2024,Gateron,Linear,30,18,7,10,3,68,67.8,,,,,,,,,,,,
75,Husky,5/30/2021,Tecsee,Linear,28,17,6,14,6,71,67.8,,,,,,,,,,,,
77,SP Star Marble Soda Melon,1/16/2022,SP Star,Linear,27,18,6,13,6,70,67.4,,,,,,,,,,,,
77,Spring Switch,12/17/2023,BSUN,Linear,28,19,6,9,6,68,67.4,,,,,,,,,,,,
79,Qeeke Begonia (Crabapple),10/21/2023,Jerrzi,Linear,27,17,7,11,6,68,67.2,,,,,,,,,,,,
80,KFA Lubed Pink Robin,9/11/2022,Aflion,Linear,27,17,5,14,6,69,67.1,,,,,,,,,,,,
81,Wuque WS POM+,8/18/2024,Gateron,Linear,29,15,6,14,3,67,67.0,,,,,,,,,,,,
82,Novelkeys Cream Arc,5/29/2022,Kailh,Linear,28,18,5,12,6,69,66.8,,,,,,,,,,,,
82,Kingfishers,5/22/2022,Tecsee,Linear,28,18,7,10,6,69,66.8,,,,,,,,,,,,
84,Gateron UHMknown,4/30/2023,Gateron,Linear,28,16,6,12,6,68,66.7,,,,,,,,,,,,
84,Gateron Mink,4/3/2022,Gateron,Linear,27,15,6,14,7,69,66.7,,,,,,,,,,,,
86,Cherry Viola,2/25/2024,Cherry,Linear,27,16,5,12,7,67,66.6,,,,,,,,,,,,
87,SP Star Sacramento,12/26/2021,SP Star,Linear,26,17,6,13,7,69,66.4,,,,,,,,,,,,
88,Mengmoda Ice Cream,10/21/2023,SOAI,Linear,28,16,7,10,6,67,66.2,,,,,,,,,,,,
89,Lubed Black Geon Switch,8/7/2022,Tecsee,Linear,27,16,6,14,5,68,66.0,,,,,,,,,,,,
91,Gateron Dual-Rail Magnetic Orange,6/9/2024,Gateron,Linear,27,18,4,10,7,66,65.8,,,,,,,,,,,,
90,Zeal Clickiez 75g. (Linear),7/10/2022,Gateron,Linear,27,18,5,13,5,68,65.9,,,,,,,,,,,,
91,Mode Reflex,5/22/2022,Durock/JWK,Linear,27,16,4,15,6,68,65.8,,,,,,,,,,,,
93,Kailh Box Spring,3/17/2024,Kailh,Linear,28,17,6,10,5,66,65.6,,,,,,,,,,,,
93,Lumia Matcha (62g),3/20/2022,Unknown,Linear,26,17,7,11,7,68,65.6,,,,,,,,,,,,
95,Tsavorite,1/30/2022,Durock/JWK,Linear,27,17,6,12,6,68,65.5,,,,,,,,,,,,
96,Sarokeys BCP,11/12/2023,BSUN,Linear,27,17,6,13,3,66,65.3,,,,,,,,,,,,
97,Cow Orange,10/10/2021,Tecsee,Linear,25,18,6,13,6,68,65.2,,,,,,,,,,,,
98,Cherry MX Orange,7/21/2024,Cherry,Linear,25,17,5,13,5,65,65.0,,,,,,,,,,,,
98,TTC Gold Pink,8/1/2021,TTC,Linear,27,15,6,14,6,68,65.0,,,,,,,,,,,,
100,Designer Studio Graphite Gold,6/26/2022,Durock/JWK,Linear,27,16,6,11,7,67,64.9,,,,,,,,,,,,
101,BSUN POM Linear,2/23/2021,BSUN,Linear,29,15,6,13,5,68,64.5,,,,,,,,,,,,
101,Opblack,2/13/2020,Durock/JWK,Linear,28,15,6,14,6,69,64.5,,,,,,,,,,,,
103,Gateron Mochi,11/7/2021,Gateron,Linear,27,16,5,14,5,67,64.2,,,,,,,,,,,,
103,Zealios V1 Linear,11/7/2021,Gateron,Linear,24,15,5,15,8,67,64.2,,,,,,,,,,,,
105,KTT Sea Salt,9/12/2021,KTT,Linear,27,14,7,13,6,67,64.1,,,,,,,,,,,,
106,KTT Peach,6/20/2021,KTT,Linear,27,14,7,13,6,67,63.9,,,,,,,,,,,,
107,43 Studio Jing,4/7/2024,Durock/JWK,Linear,26,20,5,9,4,64,63.7,,,,,,,,,,,,
108,NK x Kailh Speed Heavy Dark Yellow,3/26/2023,Kailh,Linear,26,15,7,10,7,65,63.6,,,,,,,,,,,,
109,Vertex V1 (Unlubed),7/23/2023,Durock/JWK,Linear,25,17,5,13,4,64,63.0,,,,,,,,,,,,
109,RAMA WORKS Duck,7/24/2022,Gateron,Linear,29,20,6,5,5,65,63.0,,,,,,,,,,,,
111,Gateron Luciola,6/4/2023,Gateron,Linear,26,18,4,11,5,64,62.8,,,,,,,,,,,,
111,Chosfox Hanami Dango Pink,5/21/2023,Durock/JWK,Linear,25,17,4,12,6,64,62.8,,,,,,,,,,,,
111,Novelkeys Box Cream,5/9/2021,Kailh,Linear,25,16,5,14,6,66,62.8,,,,,,,,,,,,
114,BSUN Pikachu,2/5/2023,BSUN,Linear,27,16,5,11,5,64,62.5,,,,,,,,,,,,
115,Leobog Nimbus,10/21/2023,SOAI,Linear,26,17,5,10,5,63,62.2,,,,,,,,,,,,
116,Strawberry Jelly V2,6/5/2022,Huano,Linear,24,21,4,11,4,64,61.8,,,,,,,,,,,,
117,SP Star Ayara,1/30/2022,SP Star,Linear,26,16,6,11,5,64,61.5,,,,,,,,,,,,
119,Kailh Pro Burgundy (Plate Mount),1/16/2022,Kailh,Linear,25,14,5,13,7,64,61.4,,,,,,,,,,,,
117,Original Aspiration (Release),2/3/2021,Durock/JWK,Linear,27,18,3,12,5,65,61.5,,,,,,,,,,,,
120,Melgeek Plastic,11/19/2023,Kailh,Linear,27,18,4,9,4,62,61.3,,,,,,,,,,,,
121,RRE Blacks,10/24/2021,Unknown,Linear,24,15,6,14,5,64,61.2,,,,,,,,,,,,
122,Frost Panda,6/6/2021,Tecsee,Linear,24,18,6,11,5,64,60.8,,,,,,,,,,,,
123,Tecsee Christmas Dolphin,3/17/2024,Tecsee,Linear,26,12,5,11,7,61,60.6,,,,,,,,,,,,
124,Varmilo EC V2 Rose,10/21/2023,Unknown,Linear,25,15,4,12,5,61,60.2,,,,,,,,,,,,
125,KTT Cloud Blue,9/12/2021,KTT,Linear,26,14,6,12,5,63,60.1,,,,,,,,,,,,
126,Taiwan Jet Axis Yellow,8/22/2021,Unknown,Linear,20,22,6,10,5,63,60.0,,,,,,,,,,,,
127,KTT Cabbage Tofu,6/5/2022,KTT,Linear,27,15,5,11,4,62,59.8,,,,,,,,,,,,
127,Queen,6/6/2021,Durock/JWK,Linear,26,17,4,11,5,63,59.8,,,,,,,,,,,,
129,Varmilo EC V2 Daisy,10/21/2023,Unknown,Linear,25,13,4,12,6,60,59.2,,,,,,,,,,,,
130,Kailh Box Rose Red,9/26/2021,Kailh,Linear,25,17,5,12,3,62,59.1,,,,,,,,,,,,
130,Original Aspiration (Sample),9/18/2020,Durock/JWK,Linear,28,17,4,10,4,63,59.1,,,,,,,,,,,,
132,8008 Ink,5/22/2022,Gateron,Linear,26,15,4,11,5,61,58.8,,,,,,,,,,,,
132,Everglide Sky Blue V2.5,5/22/2022,Durock/JWK,Linear,26,16,5,9,5,61,58.8,,,,,,,,,,,,
134,Everglide Lightning Silver Light Green,1/30/2022,Durock/JWK,Linear,24,18,4,8,7,61,58.5,,,,,,,,,,,,
135,Gateron Ink Yellow V2,1/16/2022,Gateron,Linear,23,13,5,14,6,61,58.4,,,,,,,,,,,,
136,Varmilo EC V2 Sakura,10/21/2023,Unknown,Linear,25,13,4,12,5,59,58.2,,,,,,,,,,,,
137,Everglide Sakura Pink V2,8/1/2021,Durock/JWK,Linear,26,12,5,12,6,61,58.0,,,,,,,,,,,,
138,Greetech Sunset,4/14/2024,Greetech,Linear,26,14,4,8,6,58,57.7,,,,,,,,,,,,
139,Popu,12/5/2021,Durock/JWK,Linear,26,16,2,11,5,60,57.3,,,,,,,,,,,,
140,Gateron Keyfirst Cream,9/12/2021,Gateron,Linear,25,16,4,10,5,60,57.1,,,,,,,,,,,,
140,Gateron Robin,9/12/2021,Gateron,Linear,23,16,4,12,5,60,57.1,,,,,,,,,,,,
142,Monka V3 Cherry Powder,6/25/2023,Haimu,Linear,22,17,3,11,5,58,56.9,,,,,,,,,,,,
143,Novelkeys Launch Creams,10/10/2021,Kailh,Linear,26,13,2,14,4,59,56.2,,,,,,,,,,,,
144,C3 Macho,9/12/2021,Durock/JWK,Linear,26,14,4,10,5,59,56.1,,,,,,,,,,,,
145,Konpeitou,7/25/2021,Durock/JWK,Linear,24,16,4,10,5,59,56.0,,,,,,,,,,,,
146,Tecsee Honey Peach,2/18/2024,Tecsee,Linear,22,17,2,9,6,56,55.5,,,,,,,,,,,,
147,Obsidian L,12/18/2022,Durock/JWK,Linear,20,14,5,11,6,56,54.4,,,,,,,,,,,,
148,Gateron Slate Grey,1/21/2021,Gateron,Linear,24,13,4,12,4,57,53.5,,,,,,,,,,,,
149,Gateron N1,8/15/2021,Gateron,Linear,24,14,5,8,5,56,53.0,,,,,,,,,,,,
149,Everglide Amber Orange V2 Pro!,8/1/2021,Durock/JWK,Linear,24,12,5,10,5,56,53.0,,,,,,,,,,,,
151,NK x Kailh Chocolate,6/20/2021,Kailh,Linear,24,14,3,10,5,56,52.9,,,,,,,,,,,,
152,Snow Whites,5/22/2022,Durock/JWK,Linear,26,14,5,7,3,55,52.8,,,,,,,,,,,,
153,Gateron Mini,3/6/2022,Gateron,Linear,23,13,4,11,4,55,52.6,,,,,,,,,,,,
154,Honeycomb,1/8/2023,Meirun,Linear,21,18,3,8,4,54,52.4,,,,,,,,,,,,
155,Huano Silver,10/24/2021,Huano,Linear,23,13,4,11,4,55,52.2,,,,,,,,,,,,
156,Glorious Lynx (Unlubed),8/29/2021,Tecsee,Linear,23,14,4,9,5,55,52.1,,,,,,,,,,,,
157,Paigu Mocha Cheese,6/16/2024,Unknown,Linear,22,16,2,9,3,52,51.9,,,,,,,,,,,,
158,Everglide Coral Red V2 Pro!,8/1/2021,Durock/JWK,Linear,22,12,5,10,5,54,51.0,,,,,,,,,,,,
159,Greetech Razer Yellow,1/16/2022,Greetech,Linear,23,13,5,7,4,52,49.4,,,,,,,,,,,,
160,Teton Cream,10/9/2022,Unknown,Linear,19,13,3,9,6,50,48.2,,,,,,,,,,,,
161,KK Lightwave,8/15/2021,Tecsee,Linear,22,11,5,7,5,50,47.0,,,,,,,,,,,,
162,Akko Pink,1/16/2022,Huano,Linear,19,13,4,9,4,49,46.4,,,,,,,,,,,,
163,LCET Red (Black Bottom),5/21/2023,Unknown,Linear,17,14,3,9,4,47,45.8,,,,,,,,,,,,
164,TTC Razer Dustproof Yellow,10/9/2022,TTC,Linear,20,14,3,7,3,47,45.2,,,,,,,,,,,,
,,,,,,,,,,,,,,,,,,,,,,,
AVG,AVERAGE OF ALL,,-,-,26.9,17.2,5.6,12.5,6.0,68.3,66.2,,,,,,,,,,,,
 - TACTILE RANKINGS -,,,,,,,,,,,,,,,,,,,,,,,
Rank,Switch Name,Date,Manufacturer,Type,Push Feel,Wobble,Sound,Context,Other,"Timeless
Total","Time Wtd. 
Total",,,,,,,,,,,,
1,U4T (62g),3/26/2023,Outemu,Tactile,32,23,8,15,8,86,84.6,,,,,,,,,,,,
2,Penguins,3/26/2023,Durock/JWK,Tactile,27,22,6,17,8,80,78.6,,,,,,,,,,,,
3,Cookies n' Cream,1/29/2024,KTT,Tactile,28,22,5,16,7,78,77.5,,,,,,,,,,,,
4,Wuque Light Tactile,6/16/2024,Haimu,Tactile,29,18,8,16,6,77,76.9,,,,,,,,,,,,
5,Invokeys Blueberry Chiffon,8/21/2022,Aflion,Tactile,28,20,6,17,7,78,76.0,,,,,,,,,,,,
5,C3 Kiwi,8/1/2021,Durock/JWK,Tactile,29,19,8,15,8,79,76.0,,,,,,,,,,,,
7,Zeal Clickiez 75g. (Tactile),7/10/2022,Gateron,Tactile,28,20,7,15,8,78,75.9,,,,,,,,,,,,
8,Tecsee Purple Panda,5/9/2021,Tecsee,Tactile,29,22,8,14,6,79,75.8,,,,,,,,,,,,
9,SP Star Magic Girl (Classic),3/26/2023,SP Star,Tactile,30,17,8,16,6,77,75.6,,,,,,,,,,,,
10,Harimau,8/8/2021,Durock/JWK,Tactile,30,19,6,16,7,78,75.0,,,,,,,,,,,,
11,MODE Tomorrow,1/15/2023,Outemu,Tactile,28,20,6,16,6,76,74.4,,,,,,,,,,,,
12,CK x Haimu Pastel Thistle,7/23/2023,Haimu,Tactile,29,18,5,16,7,75,74.0,,,,,,,,,,,,
13,Naevy V1.5,4/18/2021,Tecsee,Tactile,29,17,8,16,7,77,73.7,,,,,,,,,,,,
14,Aflion Thunder Shadow,3/17/2024,Aflion,Tactile,26,22,7,14,5,74,73.6,,,,,,,,,,,,
14,Holy Panda X,3/1/2022,Gateron,Tactile,31,23,5,13,4,76,73.6,,,,,,,,,,,,
16,Ajazz x Huano Kiwi,10/10/2021,Huano,Tactile,30,16,6,15,9,76,73.2,,,,,,,,,,,,
17,Tecsee Ice Milk Tactile,6/19/2022,Tecsee,Tactile,29,18,6,15,7,75,72.9,,,,,,,,,,,,
18,Momoka Shark,6/12/2022,Momoka,Tactile,29,18,6,15,7,75,72.8,,,,,,,,,,,,
19,Everfree Grayish Tactile,4/28/2024,Gateron,Tactile,27,18,5,16,7,73,72.7,,,,,,,,,,,,
19,Aflion Black and Orange,4/17/2022,Aflion,Tactile,28,23,7,11,6,75,72.7,,,,,,,,,,,,
21,Zealio V1 Redux (62g),11/28/2021,Gateron,Tactile,29,19,6,15,6,75,72.3,,,,,,,,,,,,
22,Ajazz x Huano Banana,9/19/2021,Huano,Tactile,30,16,7,15,7,75,72.1,,,,,,,,,,,,
23,Chosfox Hanami Dango Green,5/21/2023,Durock/JWK,Tactile,25,23,5,14,6,73,71.8,,,,,,,,,,,,
24,Neapolitan Ice Creams,5/2/2021,Tecsee,Tactile,30,14,7,16,8,75,71.7,,,,,,,,,,,,
25,Tecsee Sapphire,3/26/2023,Tecsee,Tactile,30,17,7,11,8,73,71.6,,,,,,,,,,,,
26,Zaku II,12/10/2023,Tecsee,Tactile,28,17,6,15,6,72,71.3,,,,,,,,,,,,
28,Ice Kachang (Unlubed),11/5/2023,Aflion,Tactile,27,20,6,13,6,72,71.2,,,,,,,,,,,,
26,Gateron SolDark,12/5/2021,Gateron,Tactile,29,16,5,16,8,74,71.3,,,,,,,,,,,,
29,JKDK x XCJZ Hillstone,9/24/2023,BSUN,Tactile,28,18,7,13,6,72,71.1,,,,,,,,,,,,
29,KTT Mallo,8/29/2021,KTT,Tactile,30,16,6,15,7,74,71.1,,,,,,,,,,,,
31,JWICK Taro,8/14/2022,Durock/JWK,Tactile,26,20,5,14,8,73,71.0,,,,,,,,,,,,
32,Amethyst,8/9/2021,Tecsee,Tactile,28,18,7,14,6,73,70.0,,,,,,,,,,,,
33,Cherry MX Ergo Clear (3 Pin),5/7/2023,Cherry,Tactile,28,16,5,15,7,71,69.7,,,,,,,,,,,,
33,Gateron Root Beer Float,4/16/2023,Gateron,Tactile,28,18,5,14,6,71,69.7,,,,,,,,,,,,
35,Akko V3 Cream Blue,11/20/2022,KTT,Tactile,26,19,5,15,6,71,69.3,,,,,,,,,,,,
35,Akko CS Sponge,11/21/2021,KTT,Tactile,27,20,6,14,5,72,69.3,,,,,,,,,,,,
37,Gateron Azure Dragon,8/15/2021,Gateron,Tactile,29,17,6,14,6,72,69.0,,,,,,,,,,,,
37,Glorious Panda,8/1/2021,Tecsee,Tactile,30,16,5,13,8,72,69.0,,,,,,,,,,,,
39,TTC Blueish White,3/26/2023,TTC,Tactile,28,15,6,14,7,70,68.6,,,,,,,,,,,,
39,KTT Matcha,3/21/2021,KTT,Tactile,28,20,5,13,6,72,68.6,,,,,,,,,,,,
41,Gateron Azure Dragon V2,12/11/2022,Gateron,Tactile,27,19,5,13,6,70,68.3,,,,,,,,,,,,
42,Betty,11/6/2022,Haimu,Tactile,27,18,6,13,6,70,68.2,,,,,,,,,,,,
43,Anubis,8/1/2021,Durock/JWK,Tactile,29,15,7,13,7,71,68.0,,,,,,,,,,,,
43,Star Purple,8/1/2021,SP Star,Tactile,29,16,6,13,7,71,68.0,,,,,,,,,,,,
43,BSUN Strawberry Cheesecake,8/11/2024,BSUN,Tactile,29,16,5,15,3,68,68.0,,,,,,,,,,,,
46,Mode Signal,5/22/2022,Durock/JWK,Tactile,28,16,4,15,7,70,67.8,,,,,,,,,,,,
47,Gamakay Venus,1/28/2024,Outemu,Tactile,26,18,5,13,6,68,67.5,,,,,,,,,,,,
48,Cherry MX Purple,1/7/2024,Cherry,Tactile,28,17,6,12,5,68,67.4,,,,,,,,,,,,
49,Tecsee Sapphire V2,9/12/2021,Tecsee,Tactile,30,15,8,11,6,70,67.1,,,,,,,,,,,,
50,Zeal Crystal,7/3/2022,Gateron,Tactile,28,20,5,10,6,69,66.9,,,,,,,,,,,,
51,Gateron Cap Brown,4/11/2021,Gateron,Tactile,28,15,7,14,6,70,66.7,,,,,,,,,,,,
52,Tecsee Middle Switch Tactile,10/15/2023,Tecsee,Tactile,26,16,4,14,7,67,66.2,,,,,,,,,,,,
53,BSUN Avocado Panda V2,2/5/2023,BSUN,Tactile,27,18,5,12,5,67,65.5,,,,,,,,,,,,
54,Gateron Kangaroo Inks,11/21/2020,Gateron,Tactile,28,16,7,11,7,69,65.3,,,,,,,,,,,,
55,Leobog Pig Synapse,10/21/2023,SOAI,Tactile,25,22,3,12,4,66,65.2,,,,,,,,,,,,
56,Hexin Workshop Bamboo Green (60g),8/1/2021,Durock/JWK,Tactile,27,16,7,12,5,67,64.0,,,,,,,,,,,,
57,DesignerStudio White Jade,6/19/2022,Durock/JWK,Tactile,27,16,5,13,5,66,63.9,,,,,,,,,,,,
58,Musetsu,5/22/2022,Durock/JWK,Tactile,25,19,4,13,5,66,63.8,,,,,,,,,,,,
58,'Aura' Frost Panda,6/6/2021,Tecsee,Tactile,26,18,5,13,5,67,63.8,,,,,,,,,,,,
60,B.Stone Dark Eyes,4/7/2024,Unknown,Tactile,27,14,5,12,6,64,63.7,,,,,,,,,,,,
61,Keychron Phantom Brown,3/20/2022,Gateron,Tactile,23,19,4,15,5,66,63.6,,,,,,,,,,,,
62,Naevy V1,8/15/2021,Tecsee,Tactile,28,14,7,12,5,66,63.0,,,,,,,,,,,,
63,Kailh Pro Purple (Plate Mount),1/16/2022,Kailh,Tactile,24,14,6,14,7,65,62.4,,,,,,,,,,,,
64,Redragon Sapphire,11/6/2022,Haimu,Tactile,25,16,4,14,5,64,62.2,,,,,,,,,,,,
65,Mengmoda Honey,6/5/2022,Aflion,Tactile,26,15,5,12,6,64,61.8,,,,,,,,,,,,
66,Taro Ball,4/25/2021,Durock/JWK,Tactile,26,14,6,13,6,65,61.7,,,,,,,,,,,,
67,Akko CS Ocean Blue,3/21/2021,KTT,Tactile,23,19,4,13,6,65,61.6,,,,,,,,,,,,
68,Cream Tactile,10/31/2021,Kailh,Tactile,25,15,4,14,6,64,61.2,,,,,,,,,,,,
69,Kailh Canary,8/15/2021,Kailh,Tactile,25,16,5,13,5,64,61.0,,,,,,,,,,,,
69,Moyu Black,8/1/2021,Durock/JWK,Tactile,27,17,5,9,6,64,61.0,,,,,,,,,,,,
71,Pewters,5/22/2022,Durock/JWK,Tactile,27,14,5,11,6,63,60.8,,,,,,,,,,,,
72,Leobog Standard Brown,1/14/2024,SOAI,Tactile,26,16,4,10,5,61,60.4,,,,,,,,,,,,
72,BSUN Banana Tactile,12/31/2023,BSUN,Tactile,26,17,4,10,4,61,60.4,,,,,,,,,,,,
74,Durock Sunflower,5/28/2021,Durock/JWK,Tactile,26,19,3,10,5,63,59.8,,,,,,,,,,,,
75,Gateron Beer,12/31/2023,Gateron,Tactile,25,15,4,11,5,60,59.4,,,,,,,,,,,,
76,Winkeyless.KR Zeal Clear,11/14/2021,Gateron,Tactile,24,11,4,16,7,62,59.3,,,,,,,,,,,,
77,Cherry MX Brown (3 Pin),3/14/2021,Cherry,Tactile,21,14,4,18,5,62,58.6,,,,,,,,,,,,
78,Novelia,1/17/2021,Kailh,Tactile,26,16,4,11,5,62,58.4,,,,,,,,,,,,
79,Kailh Box Quicksand Gold,9/26/2021,Kailh,Tactile,23,17,4,12,5,61,58.1,,,,,,,,,,,,
80,NK x Kailh Speed Heavy Burnt Orange,3/26/2023,Kailh,Tactile,24,15,4,10,6,59,57.6,,,,,,,,,,,,
81,Cherry Jailhouse Blue,10/9/2022,Cherry,Tactile,24,14,5,10,6,59,57.2,,,,,,,,,,,,
82,Cotton Candy,3/6/2022,Durock/JWK,Tactile,24,14,5,11,5,59,56.6,,,,,,,,,,,,
83,Ethereal Panda,5/22/2022,Tecsee,Tactile,23,18,4,8,5,58,55.8,,,,,,,,,,,,
84,Opgrey,3/26/2023,Durock/JWK,Tactile,25,13,4,7,8,57,55.6,,,,,,,,,,,,
85,Crane,9/12/2021,Durock/JWK,Tactile,23,16,3,11,5,58,55.1,,,,,,,,,,,,
86,Mengmoda Holy Panda,10/21/2023,SOAI,Tactile,23,17,1,9,5,55,54.2,,,,,,,,,,,,
87,Greetech Razer Orange,1/16/2022,Greetech,Tactile,19,13,3,7,4,46,43.4,,,,,,,,,,,,
88,TTC Razer Dustproof Orange,10/9/2022,TTC,Tactile,16,14,4,7,4,45,43.2,,,,,,,,,,,,
89,Everglide Jade Green V2,8/1/2021,Durock/JWK,Tactile,15,12,4,10,4,45,42.0,,,,,,,,,,,,
,,,,,,,,,,,,,,,,,,,,,,,
AVG,AVERAGE OF ALL,,-,-,26.7,17.2,5.4,13.1,6.1,68.6,66.5,,,,,,,,,,,,
 - SILENT LINEAR RANKINGS -,,,,,,,,,,,,,,,,,,,,,,,
Rank,Switch Name,Date,Manufacturer,Type,Push Feel,Wobble,Sound,Context,Other,"Timeless
Total","Time Wtd. 
Total",,,,,,,,,,,,
1,LICHICX Lucy,10/21/2023,LICHICX,Silent Linear,33,18,9,15,8,83,82.2,,,,,,,,,,,,
2,TTC OG Rabbit,4/23/2023,TTC,Silent Linear,31,23,8,11,8,81,79.7,,,,,,,,,,,,
3,Bobagum (62g),1/16/2022,Outemu,Silent Linear,28,23,8,15,8,82,79.4,,,,,,,,,,,,
4,Chosfox Summer Lime,10/8/2023,Unknown,Silent Linear,30,23,7,14,6,80,79.2,,,,,,,,,,,,
5,Kinetic Labs Gecko,9/18/2022,Gateron,Silent Linear,28,23,8,15,6,80,78.1,,,,,,,,,,,,
6,DK Creamery Cookie Dough,11/19/2023,KTT,Silent Linear,29,19,7,16,7,78,77.3,,,,,,,,,,,,
6,JWICK Semi Silent,11/13/2022,Durock/JWK,Silent Linear,28,19,8,15,9,79,77.3,,,,,,,,,,,,
8,Kailh Midnight Pro Grey,7/31/2022,Kailh,Silent Linear,29,21,7,15,7,79,77.0,,,,,,,,,,,,
9,Seriko,8/15/2021,Durock/JWK,Silent Linear,29,21,7,11,7,75,72.0,,,,,,,,,,,,
10,Haimu Heartbeat,9/11/2022,Haimu,Silent Linear,27,17,7,15,7,73,71.1,,,,,,,,,,,,
11,Outemu x XCJZ Dopamine,6/16/2024,Outemu,Silent Linear,29,21,7,9,5,71,70.9,,,,,,,,,,,,
12,IDOBAO Elf Linear-C1,6/25/2023,Kailh,Silent Linear,29,17,6,12,7,71,69.9,,,,,,,,,,,,
13,Haimu x Geon HG Silent Red,6/4/2023,Haimu,Silent Linear,26,16,6,12,6,66,64.8,,,,,,,,,,,,
14,Healio,8/15/2021,Gateron,Silent Linear,26,16,6,9,6,63,60.0,,,,,,,,,,,,
15,Kailh Box Silent Pink,8/15/2021,Kailh,Silent Linear,21,16,6,13,4,60,57.0,,,,,,,,,,,,
16,Outemu Silent Peach,3/20/2022,Outemu,Silent Linear,24,15,5,10,5,59,56.6,,,,,,,,,,,,
,,,,,,,,,,,,,,,,,,,,,,,
AVG,AVERAGE OF ALL,,-,-,27.9,19.3,7.0,12.9,6.6,73.8,72.0,,,,,,,,,,,,
 - SILENT TACTILE RANKINGS -,,,,,,,,,,,,,,,,,,,,,,,
Rank,Switch Name,Date,Manufacturer,Type,Push Feel,Wobble,Sound,Context,Other,"Timeless
Total","Time Wtd. 
Total",,,,,,,,,,,,
1,Gazzew U4 Boba 68g (Sample),8/1/2021,Outemu,Silent Tactile,28,24,9,15,9,85,82.0,,,,,,,,,,,,
2,Kailh Midnight Pro Light Yellow,7/31/2022,Kailh,Silent Tactile,28,21,8,15,7,79,77.0,,,,,,,,,,,,
3,Red Velvet,8/4/2024,KTT,Silent Tactile,29,16,8,17,6,76,76.0,,,,,,,,,,,,
4,LICHICX Raw Small Tactile,1/14/2024,LICHICX,Silent Tactile,28,22,6,12,7,75,74.4,,,,,,,,,,,,
5,Kailh Deep Sea Silent Pro Whale,9/3/2023,Kailh,Silent Tactile,27,21,7,13,6,74,73.1,,,,,,,,,,,,
6,Invokeys x Alas Daydreamer,11/26/2023,LICHICX,Silent Tactile,26,18,7,14,5,70,69.3,,,,,,,,,,,,
7,JKDK Crimson,11/5/2023,LICHICX,Silent Tactile,26,18,7,10,7,68,67.2,,,,,,,,,,,,
8,IDOBAO Elf Tactile-T1,6/25/2023,Kailh,Silent Tactile,27,17,5,12,7,68,66.9,,,,,,,,,,,,
9,Kailh Box Silent Brown,8/15/2021,Kailh,Silent Tactile,24,17,6,13,5,65,62.0,,,,,,,,,,,,
10,Haimu Whisper,9/11/2022,Haimu,Silent Tactile,27,14,4,13,5,63,61.1,,,,,,,,,,,,
11,Aliaz (80g),9/12/2021,Gateron,Silent Tactile,24,14,4,11,6,59,56.1,,,,,,,,,,,,
,,,,,,,,,,,,,,,,,,,,,,,
AVG,AVERAGE OF ALL,,-,-,26.7,18.4,6.5,13.2,6.4,71.1,69.6,,,,,,,,,,,,
 - CLICKY RANKINGS -,,,,,,,,,,,,,,,,,,,,,,,
Rank,Switch Name,Date,Manufacturer,Type,Push Feel,Wobble,Sound,Context,Other,"Timeless
Total","Time Wtd. 
Total",,,,,,,,,,,,
1,Gateron Melodic,2/4/2024,Gateron,Clicky,31,19,9,15,9,83,82.5,,,,,,,,,,,,
2,Zeal Clickiez 75g. (Clicky),7/10/2022,Gateron,Clicky,29,19,9,15,9,81,78.9,,,,,,,,,,,,
3,Novelkeys Cream Clickie,1/12/2023,Kailh,Clicky,31,15,8,15,10,79,77.4,,,,,,,,,,,,
4,Kailh Box Navy,8/1/2021,Kailh,Clicky,29,16,9,16,7,77,74.0,,,,,,,,,,,,
5,TKC Blackberry,9/7/2022,Tecsee,Clicky,28,16,7,15,9,75,73.1,,,,,,,,,,,,
6,Kailh Box Jade,8/1/2021,Kailh,Clicky,28,16,9,16,7,76,73.0,,,,,,,,,,,,
7,Kailh Autumn,4/9/2023,Kailh,Clicky,28,16,8,14,7,73,71.7,,,,,,,,,,,,
8,TTC Brother,1/16/2022,TTC,Clicky,27,17,7,15,7,73,70.4,,,,,,,,,,,,
9,Outemu Clear,3/26/2023,Outemu,Clicky,24,22,5,14,5,70,68.6,,,,,,,,,,,,
10,Kailh Box Mute Jade,2/6/2022,Kailh,Clicky,26,17,4,15,7,69,66.5,,,,,,,,,,,,
11,KTT Purple Sauce,6/11/2023,KTT,Clicky,27,16,5,13,5,66,64.8,,,,,,,,,,,,
12,TTC L Series Blue,2/25/2024,TTC,Clicky,24,18,5,12,5,64,63.6,,,,,,,,,,,,
12,NK x Kailh Speed Heavy Pale Blue,3/26/2023,Kailh,Clicky,27,15,7,10,6,65,63.6,,,,,,,,,,,,
14,Leobog Ice Blue,11/19/2023,SOAI,Clicky,23,23,3,9,5,63,62.3,,,,,,,,,,,,
15,XCJZ Jerrzi Lotus Stem,10/21/2023,Jerrzi,Clicky,25,16,5,12,5,63,62.2,,,,,,,,,,,,
16,Cherry MX2A RGB Blue (3 Pin),9/3/2023,Cherry,Clicky,22,17,4,15,5,63,62.1,,,,,,,,,,,,
17,KTT Gold,5/22/2022,KTT,Clicky,24,14,6,13,7,64,61.8,,,,,,,,,,,,
18,Kailh Box Sky Blue,9/26/2021,Kailh,Clicky,25,17,5,12,4,63,60.1,,,,,,,,,,,,
19,TTC x Helix Lab Skylar,3/26/2023,TTC,Clicky,23,15,5,11,6,60,58.6,,,,,,,,,,,,
20,Content Blue (Black Bottom),5/5/2024,KTT,Clicky,22,17,4,9,5,57,56.7,,,,,,,,,,,,
21,Kailh Pro Light Green (Plate Mount),1/16/2022,Kailh,Clicky,22,14,4,12,6,58,55.4,,,,,,,,,,,,
22,Outemu Dustproof Teal,10/9/2022,Outemu,Clicky,22,17,4,10,4,57,55.2,,,,,,,,,,,,
23,LCET Blue and Purple,4/9/2023,Unknown,Clicky,22,14,4,11,5,56,54.7,,,,,,,,,,,,
24,Huano Clicky White,10/8/2023,Huano,Clicky,22,15,4,8,4,53,52.2,,,,,,,,,,,,
25,Gateron Ink Blue V1,8/15/2021,Gateron,Clicky,21,15,4,9,3,52,49.0,,,,,,,,,,,,
26,TTC Razer Dustproof Green,10/9/2022,TTC,Clicky,19,14,3,9,4,49,47.2,,,,,,,,,,,,
27,TTC Orange Clicky,10/8/2023,TTC,Clicky,14,13,2,9,4,42,41.2,,,,,,,,,,,,
28,Greetech Razer Green,1/16/2022,Greetech,Clicky,17,13,3,6,4,43,40.4,,,,,,,,,,,,
29,OArmy Green,10/9/2022,Greetech,Clicky,14,12,3,7,2,38,36.2,,,,,,,,,,,,
,,,,,,,,,,,,,,,,,,,,,,,
AVG,AVERAGE OF ALL,,-,-,24.0,16.1,5.3,12.0,5.7,63.2,61.5,,,,,,,,,,,,
